date,JOHNSON CONTROLS INTERNATIONAL PLC,ALPHABET INC,AMGEN INC,AUTOZONE INC,BALL CORP,CHIPOTLE MEXICAN GRILL INC,COCA-COLA,EXXON MOBIL CORP,INTUITIVE SURGICAL INC,iShares Gold Trust,iShares Core S&P 500,iShares iBoxx $ Investment Grade Corporate Bond,iShares TIPS Bond,iShares Core S&P Mid-Cap ETF,iShares MSCI EAFE,iShares Russell 1000 Growth ETF,iShares Russell 1000 Growth ETF,iShares Core S&P Small-Cap ETF,iShares National Muni Bond ETF,Shares J.P. Morgan USD Emerging Markets Bond,iShares iBoxx $ High Yield Corporate Bond ETF,iShares MBS ETF ,iShares 3-7 Year Treasury Bond,iShares 1-3 Year Credit Bond,KELLOGG,MARATHON PETROLEUM CORP,NEWMONT MINING CORP,PAYPAL HOLDINGS INC,iShares 20+ Year Treasury Bond,iShares Core MSCI Emerging Markets
2019-01-30,32.243599,1089.060059,179.404236,843.169983,50.752544,532.97998,46.390076,68.985931,508.480011,12.63,263.521179,111.913803,108.510368,179.404861,60.643833,115.763542,139.356232,74.92057,106.568863,103.167969,80.692039,102.310234,119.247635,81.999512,55.64418,62.897514,32.387676,92.419998,118.1521,49.676956
2019-01-31,32.9062,1116.369995,181.58783,847.340027,51.843361,529.609985,46.651779,69.930687,523.640015,12.64,265.791992,112.696564,109.119484,180.024109,60.672871,116.474884,140.958572,75.531204,106.803047,103.950859,80.891632,102.582504,119.580803,82.068039,56.779579,63.792881,32.771988,88.760002,119.168221,50.015682
2019-02-01,32.399506,1110.75,181.549026,849.909973,51.595444,527.200012,47.204273,72.45002,524.650024,12.62,265.938812,112.428062,108.736336,180.63353,60.653511,116.874397,140.869537,75.462257,106.670052,104.096558,80.852478,102.328987,119.158638,81.971924,56.481297,63.032303,32.512581,90.010002,118.448471,49.735023
2019-02-04,32.954926,1132.800049,180.685272,869.440002,51.545864,527.919983,47.737385,71.400307,522.429993,12.56,267.847473,112.272987,108.520187,182.461792,60.876148,117.273918,142.382889,76.427444,106.689606,103.741875,81.043449,102.211967,119.030998,81.971924,56.692982,63.455914,32.820026,91.660004,117.919693,49.831806
2019-02-05,33.169292,1145.98999,182.752426,869.419983,52.55735,526.650024,47.747074,72.135101,522.890015,12.59,268.992645,112.728546,108.667564,183.140015,61.350456,117.449318,143.431366,76.486542,106.699371,104.432083,81.32988,102.338745,119.148811,81.971924,56.904667,64.678627,32.781593,92.269997,118.458275,50.460869
2019-02-06,33.247253,1115.22998,185.130112,868.080017,52.765591,526.059998,47.747074,71.82019,521.950012,12.51,268.591339,112.515305,108.598785,183.051544,61.040707,117.42009,143.065399,76.378212,106.76783,103.895241,81.253494,102.377747,119.227364,82.011147,56.923908,64.380173,32.647087,92.25,118.517014,49.81245
2019-02-07,33.023132,1098.709961,178.792847,878.77002,52.815174,585.780029,47.902161,71.266701,509.359985,12.55,266.066071,112.495911,108.765793,182.166901,60.227604,116.504112,141.611389,75.698639,106.963417,103.703529,80.976601,102.485008,119.443352,82.07,53.729401,61.328201,32.406895,90.849998,119.3004,49.328548
2019-02-08,33.130322,1095.060059,180.51059,874.080017,53.449833,582.77002,47.979702,71.382492,517.049988,12.59,266.35965,112.777,108.814911,182.029282,60.034008,116.523598,141.918015,75.659233,107.080772,103.24337,80.957504,102.553253,119.531708,82.099419,53.267544,60.384693,32.512581,91.870003,119.809624,49.067245
2019-02-11,33.198528,1095.01001,180.306778,887.909973,53.400246,603.359985,48.086327,71.498276,529.460022,12.53,266.50647,112.524979,108.588959,183.19899,59.975925,116.718491,141.957596,76.279716,107.090553,103.003716,80.995712,102.504509,119.423714,82.07,53.565823,59.421921,32.330032,92.690002,119.339584,48.902718
2019-02-12,33.72472,1121.369995,182.868881,890.900024,54.441479,593.659973,48.134785,72.752632,539.710022,12.56,269.971436,112.680084,108.608627,185.105881,60.672871,118.082703,143.906143,77.31385,107.188339,103.387177,81.387161,102.465508,119.31572,82.060188,54.393318,59.566338,32.080235,94.379997,119.036011,49.338226
2019-02-13,33.939091,1120.160034,183.402634,891.359985,54.738972,599.619995,48.260799,73.572792,533.469971,12.51,270.79364,112.38929,108.588959,186.059311,60.682549,118.472481,144.341339,77.619164,107.061211,103.396782,81.272598,102.338745,119.139008,82.001343,54.807064,61.280064,31.926512,94.010002,118.585571,48.970463
2019-02-14,33.763695,1121.670044,182.57135,904.960022,54.491062,604.429993,44.189793,73.592079,536.080017,12.58,270.176971,112.515305,108.893517,185.980682,60.701908,118.141174,144.153412,77.796448,107.276344,103.665176,81.282135,102.446007,119.46299,82.109222,54.441433,61.65554,31.811214,94.419998,119.261246,49.076923
2019-02-15,34.202187,1113.650024,184.194824,919.75,53.67791,605.890015,43.850544,74.981529,548.5,12.66,273.240662,112.651016,108.893517,188.202118,61.582771,119.768494,145.241425,78.958618,107.19812,103.751457,81.539948,102.465508,119.384453,82.07,54.64349,62.724213,31.936117,94.910004,119.447311,49.009174
2019-02-19,34.017044,1118.560059,182.85498,916.679993,53.608494,599.460022,43.453133,75.483276,548.169983,12.84,273.622345,112.718849,109.148956,188.457657,61.815086,120.0998,145.280991,79.391968,107.325249,103.684357,81.568588,102.582512,119.531708,82.128845,55.249676,63.102776,33.175514,95.019997,119.750862,49.328548
2019-02-20,34.523743,1113.800049,182.806061,921.140015,53.945652,597.73999,43.714836,75.772728,549.650024,12.83,274.150909,112.621925,109.188248,189.22435,61.989323,120.470093,145.389816,79.953354,107.383934,103.693939,81.635406,102.621513,119.521904,82.119026,56.240749,63.199837,34.001778,94.730003,119.408134,49.676956
2019-02-21,34.679653,1096.969971,181.417328,906.330017,54.024986,601.190002,44.451496,75.087662,549.869995,12.67,273.289551,112.302063,109.001579,188.634598,61.863483,120.0998,144.816116,79.579094,107.266571,103.626831,81.559029,102.514252,119.335358,82.089592,56.125282,62.763042,34.020996,94.959999,118.340759,49.531788
2019-02-22,34.855049,1110.369995,183.373306,911.659973,54.798466,600.219971,43.889309,75.666595,551.859985,12.73,274.865417,112.806091,109.286491,190.069687,62.066765,120.5578,146.161316,79.943504,107.423027,104.269089,81.721344,102.631264,119.541527,82.14846,54.585758,63.112476,35.049019,95.980003,119.045807,50.083431
2019-02-25,34.913509,1109.400024,185.632462,889.599976,54.42165,596.659973,43.559753,75.743782,553.390015,12.72,275.296112,112.767326,109.207893,190.099167,62.250675,120.752686,146.398712,79.76622,107.34481,104.096558,81.788185,102.621513,119.46299,82.138634,53.556206,62.850399,34.683929,96.699997,118.693283,50.586685
2019-02-26,34.66991,1115.130005,185.896515,935,54.213398,599.5,43.317432,75.898178,548.460022,12.73,275.090546,112.941803,109.365089,188.467514,62.550751,120.518814,146.369034,78.998016,107.589272,104.403313,81.893196,102.709282,119.659348,82.177879,53.806374,62.695087,33.579037,96.589996,119.28083,50.451195
2019-02-27,34.601688,1116.050049,187.207047,911.929993,55.036469,599.280029,43.559753,76.679733,549.409973,12.65,274.953522,112.621925,109.109657,188.693588,62.299076,120.479836,146.329483,79.116203,107.403481,104.432083,81.921875,102.563011,119.46299,82.158257,53.65242,61.540009,32.68552,97.860001,117.929482,50.044716
2019-02-28,34.367836,1119.920044,185.896515,938.969971,54.420532,607.530029,43.947472,76.25518,547.609985,12.58,274.376038,112.466827,108.932816,187.897415,62.211952,120.19725,146.022858,78.81089,107.383934,104.364967,81.874115,102.514252,119.31572,82.138634,54.133522,60.190777,32.781593,98.07,117.528,49.473717
2019-03-01,34.387325,1140.98999,186.952759,929.320007,54.84771,611.630005,43.986244,77.191116,558.549988,12.36,276.323822,112.270432,108.716675,189.342316,62.550751,120.869621,147.140533,79.263931,107.400589,103.99247,82.106209,102.264923,119.058037,82.083626,54.691605,60.841125,32.493362,98.800003,116.441696,49.425331
2019-03-04,34.406815,1147.800049,185.603134,932.950012,54.887451,618.849976,44.247952,77.490227,549.929993,12.33,275.198212,112.523239,108.873871,188.447845,62.318428,120.392136,146.418472,78.44648,107.479004,103.934723,81.981537,102.411591,119.264572,82.103287,53.068733,60.190777,33.098652,96.57,117.354294,49.531788
2019-03-05,34.328861,1162.030029,184.664261,939.830017,55.592789,616.01001,44.199482,77.374451,546.609985,12.34,274.845825,112.562126,108.834579,187.661484,62.376514,120.148529,146.329483,78.121452,107.508392,103.982849,81.943169,102.450691,119.284248,82.113106,53.22422,59.025993,33.146694,96.529999,117.599617,50.02536
2019-03-06,34.260643,1157.859985,179.119034,935.349976,55.056332,613.409973,44.054092,76.496391,536.51001,12.32,273.093842,112.669075,108.962288,185.096054,62.221634,119.300758,145.468933,76.585037,107.616196,103.89624,81.808907,102.587585,119.500626,82.172043,52.932682,58.171806,31.969772,96.459999,118.031418,49.783413
2019-03-07,34.757599,1143.300049,177.466248,940.549988,54.32119,609.530029,43.889309,77.345505,533.159973,12.31,270.891541,113.038567,109.266846,183.533173,61.427891,118.579674,144.014954,75.78727,107.831825,103.655571,81.751343,102.72448,119.785851,82.240829,52.767483,57.113781,32.046944,96.209999,118.796814,48.873684
2019-03-08,34.962231,1142.319946,176.889206,934.72998,54.649025,616.440002,43.462826,76.235878,533.76001,12.45,270.343414,113.184395,109.365089,183.051544,61.437576,118.24836,143.80722,75.708488,107.861252,103.944344,81.617081,102.861359,119.874374,82.270309,53.020149,55.813095,32.519642,95.690002,119.297287,48.602703
2019-03-11,35.215576,1175.76001,180.087265,940.030029,55.235153,616.880005,44.761673,76.978851,542.950012,12.39,274.268341,113.310799,109.345444,185.518692,61.969959,119.719772,146.279999,76.919891,107.822037,104.329369,81.885628,102.861359,119.795692,82.250664,52.621719,57.463223,32.268826,97.449997,118.944008,49.454361
2019-03-12,35.166862,1193.199951,180.126373,934.609985,56.258396,630.98999,44.635662,77.191116,550.130005,12.47,275.237396,113.621925,109.55175,185.82341,61.931244,120.080322,146.764679,76.801704,107.94944,104.656616,82.029495,103.056923,119.97274,82.280136,52.631435,57.133198,33.301041,97.5,119.778114,49.715664
2019-03-13,35.342255,1193.319946,183.226608,940.580017,56.735245,637.070007,44.800442,77.87619,557.159973,12.56,277.145996,113.437187,109.679466,186.540955,62.463631,120.850121,147.753784,77.097176,107.92984,104.685501,82.250076,103.08625,119.97274,82.289948,52.096954,57.822365,33.194923,99.309998,119.552422,49.793091
2019-03-14,35.088902,1185.550049,183.627579,950.219971,56.894196,642.390015,44.683113,77.615669,558.72998,12.41,277.009003,113.213554,109.650002,186.334534,62.453945,120.801399,147.674667,76.772156,107.841629,104.531494,82.19252,103.017807,119.903885,82.309601,52.291317,57.938847,32.239883,99.029999,118.688873,49.560818
2019-03-15,35.167427,1184.459961,187.031021,962.22998,57.122684,639,44.292011,77.335854,558.210022,12.46,278.252045,113.621925,110.03315,186.491806,63.131535,121.356834,148.357147,76.791862,107.978859,104.955002,82.269257,103.193802,120.100601,82.339088,52.738331,58.676552,31.969772,100.730003,119.473938,50.247952
2019-03-18,35.746517,1184.26001,187.099457,975.590027,57.500191,655.799988,44.399567,78.2332,559.48999,12.48,279.358093,113.563599,110.023331,187.976044,63.354168,121.824562,148.930832,77.392639,107.978859,105.051277,82.240479,103.20359,120.01207,82.319443,52.738331,60.258732,31.834713,100.269997,119.405235,50.780247
2019-03-19,35.697441,1198.849976,187.275497,978.98999,57.679012,665.859985,44.54623,78.030571,562.719971,12.51,279.485352,113.583031,109.925079,186.983261,63.480007,121.532234,149.22757,76.831253,108.037659,105.128265,82.288445,103.174255,119.953064,82.309601,52.874378,60.210194,32.104824,101.540001,119.140282,50.770565
2019-03-20,35.707256,1223.969971,186.91362,980.97998,57.738617,665.789978,44.516891,78.464775,569.359985,12.59,278.483032,114.351135,110.652092,185.435364,63.509045,120.617218,149.266251,76.25811,108.194473,106.061928,82.643272,103.457802,120.484177,82.427528,52.582848,60.365501,32.673988,102.309998,120.386536,50.867344
2019-03-21,36.276527,1231.540039,187.666687,1001.090027,58.453892,670.450012,44.497337,78.918274,577.97998,12.54,281.607941,114.565048,110.642258,187.941223,63.470329,121.675262,151.458435,77.256172,108.341499,106.033051,82.624107,103.496918,120.425163,82.427528,54.885956,60.947899,33.117752,104.150002,120.651489,50.944767
2019-03-22,35.461876,1205.5,182.590912,981.27002,57.559799,671.460022,44.907993,77.654274,561.26001,12.57,276.291595,115.265091,110.97628,182.55455,62.250675,119.510193,148.175125,74.43985,108.792351,105.330399,82.32679,103.839134,120.96611,82.565079,55.138622,59.50161,33.281746,101.269997,122.52578,49.444687
2019-03-25,35.491325,1193,182.483337,995.859985,57.728683,676.77002,45.005768,77.113922,562.719971,12.67,276.045929,115.498459,110.946808,182.929459,62.337795,119.304459,148.175125,74.795593,108.87075,105.917542,82.298019,103.927139,121.22184,82.653519,55.070591,59.375423,33.667622,101.550003,122.722046,49.618889
2019-03-26,35.88393,1184.619995,184.126358,997.309998,57.867764,688.820007,45.602196,78.117409,567.640015,12.61,278.060425,115.547043,110.750328,184.764481,62.647549,120.489861,148.889313,75.497208,108.949165,106.013794,82.499443,104.064034,121.172653,82.643692,55.945194,60.14225,34.304317,103.150002,122.633728,49.725349
2019-03-27,35.795593,1173.02002,182.219299,1003.200012,57.808155,697.869995,45.572865,77.51918,558.27002,12.54,276.704285,115.702629,110.799454,184.636215,62.676586,119.960831,148.075928,75.47744,109.076569,105.619164,82.556969,104.122688,121.379196,82.712471,55.33297,60.365501,34.449024,103.07,123.762222,49.173702
2019-03-28,36.21764,1168.48999,183.52002,1005.169983,57.559799,702.51001,45.543533,77.905128,562.890015,12.36,277.795105,115.84848,110.887863,186.204865,62.521706,120.342903,148.81987,76.188934,109.14518,105.840538,82.720009,104.083572,121.330025,82.702621,55.362129,59.161884,34.313961,103.860001,124.193985,49.560818
2019-03-29,36.256897,1173.310059,185.798737,1024.119995,57.480324,710.309998,45.817299,77.963036,570.580017,12.38,279.632721,115.760971,111.084358,186.855988,62.783062,120.979691,150.139145,76.238342,108.978561,105.93679,82.931007,103.995575,121.172653,82.653519,55.760559,58.094151,34.506905,103.839996,124.076241,50.044716
2019-04-01,36.23727,1194.430054,187.549332,1029.709961,58.016781,705.73999,45.68042,78.86039,575.539978,12.32,282.865753,115.329903,110.671738,189.391495,63.586491,122.351234,151.79567,77.177124,108.777229,106.124306,82.910789,103.624054,120.708549,82.568855,54.438942,59.258945,34.352551,105.550003,122.313866,50.818954
2019-04-02,35.825035,1200.48999,188.194794,1041.97998,57.599537,704.799988,45.533752,78.522659,575.97998,12.37,282.93454,115.485939,110.779793,188.661407,63.605843,122.096512,152.202377,76.742317,108.865623,106.191956,82.94931,103.692673,120.866203,82.608223,54.759624,58.162098,34.564785,105.230003,122.540054,50.644753
2019-04-03,35.344093,1205.920044,188.674026,1045.530029,57.639275,705.640015,45.152431,78.059517,576.26001,12.35,283.445557,115.242142,110.435951,189.608521,64.099518,122.233665,152.747925,77.117836,108.718292,105.950317,82.978203,103.604454,120.698692,82.568855,55.060875,58.608601,34.680546,104.690002,121.477936,51.012512
2019-04-04,35.471691,1215,188.097015,1040.689941,57.619404,703.380005,45.445755,79.169144,570.280029,12.38,284.123596,115.427437,110.514542,190.614838,63.963997,122.654938,152.817368,77.730507,108.708458,105.921318,83.103439,103.692673,120.75782,82.588524,54.856804,59.550148,35.19183,104.459999,121.822144,51.302849
2019-04-05,35.520767,1207.150024,191.109222,1048.52002,57.728683,708.369995,45.435978,79.593689,575.719971,12.37,285.420776,115.612724,110.642258,192.074951,64.128555,123.213348,153.620834,78.412346,108.76738,106.336929,83.257561,103.810303,120.787369,82.578697,55.196926,61.607948,35.211121,105.730003,121.979492,51.660938
2019-04-08,35.726887,1203.839966,190.590897,1052.540039,57.818089,714.679993,45.514198,80.085785,578.340027,12.43,285.735199,115.446945,110.53421,192.074951,64.167274,123.291718,153.858902,78.353058,108.698654,105.911659,83.209412,103.722084,120.678993,82.558998,55.877167,61.501179,35.365475,106.57,121.546776,51.622223
2019-04-09,35.206684,1197.25,188.732712,1040.400024,57.261768,710.669983,45.631527,79.053352,579.380005,12.48,284.261139,115.690742,110.642258,189.973541,63.760727,122.498192,153.11496,77.374756,108.84597,105.979317,83.151596,103.780907,120.787369,82.568855,55.546764,60.33638,35.30759,106.93,121.930328,51.583511
2019-04-10,35.157608,1202.160034,189.622665,1060.170044,57.867764,718.849976,45.602196,78.696342,585.890015,12.52,285.194702,116.256378,111.045059,191.660583,64.002724,122.899849,153.779556,78.550697,108.924545,106.191956,83.517654,103.937737,120.95488,82.637756,55.925758,61.734135,34.989246,107.510002,122.225372,51.815784
2019-04-11,35.147797,1204.619995,187.881851,1068.569946,58.235336,707.530029,45.670639,79.072655,584.630005,12.37,285.175079,116.139336,110.789612,192.232803,63.867203,123.046799,153.650589,78.392586,108.895073,105.805351,83.642891,103.84951,120.787369,82.588524,55.7314,61.258514,34.699841,106.459999,121.507446,51.331886
2019-04-12,35.412807,1217.869995,187.207047,1060.300049,57.649208,712.440002,45.699974,78.078819,582.849976,12.35,287.101105,116.071075,110.583321,193.732376,64.312469,123.997086,154.523499,78.748337,108.698654,105.795677,83.768112,103.643669,120.462212,82.539307,55.945194,59.783104,34.969952,108.480003,120.641975,51.631901
2019-04-15,35.923187,1221.099976,186.991882,1064.589966,57.957172,712.27002,45.954182,77.818298,576.809998,12.33,286.865295,115.885796,110.642258,193.396942,64.341515,123.712982,154.563187,78.441994,108.84597,105.863342,83.71032,103.722084,120.541023,82.549149,56.703178,58.763908,34.892773,108.139999,120.946854,51.438347
2019-04-16,36.178379,1227.130005,183.911194,1061.589966,57.182297,706.47998,45.905296,78.348984,561.429993,12.23,287.081512,115.563957,110.386826,193.505463,64.3899,123.957893,154.51358,78.758209,108.787041,105.660362,83.662148,103.545639,120.334106,82.539307,56.74205,58.259167,34.398403,108.199997,120.18959,51.83514
2019-04-17,35.913372,1236.339966,178.45401,1051.369995,56.675636,688.210022,46.227951,78.570915,525,12.21,286.324799,115.544464,110.36718,192.124283,64.573822,123.52684,154.09697,78.402466,108.82634,105.757027,83.459877,103.61425,120.393234,82.568855,56.45052,58.47271,33.795273,108.809998,120.238762,51.980309
2019-04-18,36.070415,1236.369995,173.564056,1045.050049,58.12606,700,46.4235,78.281448,528.059998,12.22,286.943909,115.641983,110.681564,192.499161,64.535103,123.644402,154.454071,78.125778,108.895073,105.844017,83.49839,103.633865,120.541023,82.588524,56.800358,58.055328,32.668106,107.360001,120.868187,51.893208
2019-04-22,35.972263,1248.839966,172.478485,1035.199951,58.324745,701.669983,46.345287,79.989296,491.059998,12.21,287.238678,115.45668,110.573502,191.887497,64.428627,123.507248,154.860748,77.720627,108.924545,105.766685,83.353897,103.565239,120.481903,82.598381,56.712898,59.336597,32.183617,106.809998,120.287933,51.602867
2019-04-23,36.276527,1264.550049,175.803665,1047.76001,59.109562,702.460022,47.13726,80.452446,500.420013,12.18,289.734711,115.934532,110.828918,194.284851,64.554466,124.310577,156.64624,78.866913,109.071877,106.085632,83.642891,103.594658,120.639557,82.637756,56.780922,59.268658,32.005642,106.900002,120.543625,51.719002
2019-04-24,36.41394,1256,174.375793,1042.599976,58.5135,709.75,46.91238,78.889328,508.140015,12.22,289.125458,116.324623,111.212074,194.906387,64.1092,124.104851,156.289139,79.113953,109.317436,105.786026,83.527298,103.741692,120.915474,82.686981,56.916969,57.754421,31.837559,107.220001,121.527092,50.964123
2019-04-25,35.972263,1263.449951,176.507813,1042.349976,58.573109,678.070007,46.775497,79.333176,517.780029,12.23,288.948578,116.266113,111.212074,192.607697,64.060799,123.859924,156.318893,78.29377,109.346886,105.930977,83.565826,103.751495,120.816925,82.686981,56.304752,58.870686,31.273972,110.220001,121.350075,50.906055
2019-04-26,36.502277,1272.180054,177.476028,1033.550049,59.30825,676.789978,47.186142,77.663918,519.109985,12.3,290.353821,116.675713,111.45768,194.501892,64.322144,124.369354,157.291,78.995377,109.504028,105.863342,83.777748,103.957359,121.063286,82.775589,57.723545,58.618305,31.105886,110.559998,121.763138,51.118973
2019-04-29,36.629875,1287.579956,177.182632,1022.5,59.238712,677.900024,47.342583,77.162178,510.339996,12.25,290.668304,116.217377,111.143295,194.590714,64.583504,124.5457,157.400101,79.380768,109.464745,105.96965,83.73922,103.859314,120.935173,82.746063,57.956772,59.200706,30.413767,112.440002,120.986198,51.206074
2019-04-30,36.806545,1188.47998,175.373352,1028.310059,59.546673,688.039978,47.968349,77.461288,510.630005,12.29,290.815704,116.266113,111.329971,194.245407,64.622223,125.153107,156.804947,79.183136,109.553139,106.124306,83.748848,103.898537,121.112556,82.805122,58.598145,59.084225,30.710388,112.769997,121.605782,51.138329
2019-05-01,38.563446,1168.079956,172.263336,1023.900024,58.285007,688.559998,47.508804,75.907814,497.049988,12.21,288.712738,116.228958,111.089195,192.065079,64.254387,124.212616,155.753494,78.471642,109.626945,106.094208,83.474121,103.969284,120.982254,82.73214,57.713825,58.191219,29.97872,110.940002,122.107407,50.760887
2019-05-02,38.259178,1162.609985,172.615417,1038.310059,59.606285,707.869995,47.313255,74.576271,502.109985,12.17,288.182098,115.808357,110.637123,192.558365,64.157593,123.967697,155.535278,78.718689,109.587601,105.929222,83.532166,103.831718,120.774918,82.692673,55.760559,56.968182,29.761196,109.699997,121.525948,50.906055
2019-05-03,38.848083,1185.400024,173.407578,1033.380005,61.136177,709.52002,47.635914,74.749954,507.940002,12.23,290.884491,116.326782,110.94178,195.340469,64.844856,124.966957,157.251328,80.270142,109.705696,106.53093,83.74498,104.018425,120.86377,82.722282,54.87624,58.20092,29.879841,111.959999,121.870895,51.525448
2019-05-06,38.857895,1189.390015,173.163086,1030.640015,61.543488,716.669983,47.391476,74.421883,508.480011,12.25,289.793701,116.483261,111.108849,195.04451,64.1092,124.477127,156.64624,80.408478,109.843491,106.511513,83.783684,104.057732,121.071083,82.771584,55.779995,57.744717,29.602997,110.849998,122.205963,50.470551
2019-05-07,38.524185,1174.099976,170.043289,1015.359985,61.563354,706.52002,46.931934,74.026283,491.309998,12.29,284.890076,116.47348,111.167824,191.147583,62.98634,122.654938,153.769638,78.936081,110.02066,105.948639,83.28064,104.136345,121.278397,82.81105,55.537048,57.686474,30.374214,108.949997,123.14222,49.483398
2019-05-08,38.651779,1166.27002,168.361145,1005.599976,61.543488,709.570007,46.785271,74.142067,495.700012,12.26,284.506836,116.082237,110.882828,190.604965,63.063778,122.302246,153.650589,78.30365,109.912392,106.065094,83.309662,104.077393,121.15007,82.801178,55.634228,53.609692,29.860069,109.07,122.610039,49.454361
2019-05-09,38.857895,1162.380005,169.065292,1004.47998,61.960728,705.130005,46.345287,74.074532,496.059998,12.3,283.720703,116.189842,111.069534,190.05249,62.773384,122.096512,153.243912,78.125778,110.119087,105.744835,83.183899,104.116692,121.357376,82.850494,56.158985,51.406284,29.593109,109.730003,123.112648,48.641411
2019-05-10,38.946232,1164.27002,168.067749,1000.590027,63.887997,705.440002,47.117702,74.718651,495.309998,12.32,284.978546,116.258301,111.315224,190.683884,63.238014,122.772499,153.581177,78.382706,110.128937,106.103905,83.416077,104.224777,121.308014,82.870209,56.984997,51.590714,29.810631,110.410004,122.945122,48.941429
2019-05-13,38.376957,1132.030029,163.911301,982.559998,63.987347,687.27002,46.980824,73.889099,478.75,12.44,277.903198,116.326782,111.551094,185.109787,61.766689,120.313515,149.048019,75.932007,110.384834,105.249878,82.651863,104.362366,121.742386,82.968849,56.149269,49.232002,30.562075,106.830002,123.910934,47.315533
2019-05-14,38.524185,1120.439941,164.116669,989.799988,63.023708,703.179993,47.606579,73.986687,487.350006,12.42,280.379578,116.493042,111.6297,186.974396,62.386189,121.254005,150.625198,76.742317,110.434052,105.579849,82.835655,104.421333,121.683144,82.968849,55.556484,49.804699,30.482977,109.089996,123.546295,47.944603
2019-05-15,38.327881,1164.209961,166.131317,978.359985,62.099808,705.890015,48.085678,74.533234,489.140015,12.4,282.059967,116.815819,111.855736,187.467682,62.608829,121.400963,152.10318,76.880676,110.640762,105.96804,82.913048,104.539238,121.939835,83.02803,55.750839,50.206818,30.344553,111.5,124.305138,48.041378
2019-05-16,38.455479,1178.97998,167.610931,981.340027,62.159416,708.929993,48.476776,74.523468,491.730011,12.32,284.546173,116.629982,111.678841,188.582489,63.112171,122.370827,153.680344,77.177124,110.611221,105.98745,83.164566,104.480301,121.811485,82.978699,55.779995,51.844746,30.206131,113.870003,123.89122,47.828465
2019-05-17,38.229733,1162.300049,167.601089,984.090027,62.159416,715.909973,48.105232,74.08429,490.140015,12.22,282.914886,116.639755,111.57074,186.490967,62.695942,121.763435,152.480118,75.922127,110.660431,105.744835,83.135529,104.440979,121.84111,82.998444,55.410717,50.952221,30.571964,112.800003,124.167175,46.986481
2019-05-20,38.367142,1138.849976,166.10173,977.830017,61.632896,718,47.76302,74.074532,483.220001,12.22,281.028137,116.365906,111.423325,185.090057,62.444275,121.342171,150.873199,75.388512,110.621071,106.220383,83.058151,104.313232,121.673279,82.959,54.847084,51.118954,30.819151,112.150002,123.910934,46.792923
2019-05-21,38.759747,1149.630005,167.384079,1032.25,61.990536,715,47.518581,74.416115,483.559998,12.19,283.484863,116.463707,111.482292,187.507141,62.860504,122.361038,152.361099,76.396461,110.493118,106.346535,83.319336,104.323067,121.535072,82.919533,54.944263,52.256676,30.987238,112.43,123.713829,47.441349
2019-05-22,38.484921,1151.420044,168.972183,1043.930054,61.096436,706.039978,48.545219,73.742706,485.369995,12.19,282.66922,116.610413,111.521606,185.997696,62.608829,121.851601,151.954391,75.645439,110.591537,106.2883,83.387054,104.431152,121.80162,82.959,55.226082,50.922798,30.967463,112.470001,124.423409,47.18972
2019-05-23,38.043243,1140.77002,169.771179,1034.819946,60.649391,667.119995,48.740765,72.015282,473.779999,12.28,279.141418,116.864723,111.757469,182.899857,62.037716,120.50946,149.891174,73.846947,110.650589,106.142723,82.971077,104.63752,122.25573,83.106941,55.478741,49.176983,31.283859,109.900002,125.822884,46.541298
2019-05-24,37.797867,1133.469971,168.952454,1052.189941,60.947422,662.559998,48.506111,72.317818,476.529999,12.29,279.829285,117.109261,111.944191,183.935776,62.705624,120.852341,150.129242,74.588081,110.72934,106.249489,82.855003,104.676834,122.21624,83.077347,54.963699,49.324104,31.560709,109.849998,125.931274,46.638073
2019-05-28,37.748791,1134.150024,166.555481,1051.140015,60.798409,680.070007,48.007458,70.863655,471.220001,12.24,277.195679,117.1875,112.003151,181.962631,62.095802,119.343636,149.21666,74.093994,110.778549,106.385361,82.777618,104.696487,122.492676,83.146393,53.020149,48.05888,31.313524,111.790001,126.837952,46.754215
2019-05-29,37.542675,1116.459961,166.880981,1027.540039,60.103001,667.969971,47.528358,70.424484,471.929993,12.25,275.387512,117.23642,112.199699,180.857666,61.698929,118.638275,148.224701,73.491196,110.827751,106.327118,82.555115,104.784927,122.443298,83.156242,51.309818,48.049072,31.24431,110.080002,127.222328,47.083267
2019-05-30,38.210102,1117.949951,166.742889,1045.290039,60.639462,678,48.154121,70.239052,477.220001,12.33,276.006592,117.911316,112.573135,180.532104,61.931244,118.628479,148.928986,73.283684,110.89666,106.647392,82.729248,104.961815,122.709846,83.225296,50.619858,46.205185,31.728796,111.410004,128.316269,47.354244
2019-05-31,37.807686,1103.630005,164.434692,1027.109985,61.137398,659.969971,48.036789,69.067909,464.850006,12.51,272.498444,118.185188,113.280708,178.706955,61.369816,117.139374,147.004623,72.305374,111.093521,106.647392,82.129471,105.158348,123.302177,83.402847,51.631664,45.106693,32.717537,109.75,129.922699,47.538124
2019-06-03,38.278809,1036.22998,170.017792,1037.650024,61.794682,641.659973,48.867874,70.151207,458.269989,12.68,271.59436,118.549171,113.586082,179.880966,61.727966,118.177834,144.991013,72.680885,111.310509,106.607437,82.261635,105.4263,123.733376,83.559982,52.849762,46.224796,33.251461,105.519997,130.791718,47.896214
2019-06-04,38.818634,1053.050049,172.355576,1036.27002,62.830402,662.179993,48.887432,71.820084,474.429993,12.7,277.549438,118.588425,113.35878,184.488235,62.434589,120.440887,148.54213,74.657257,111.192154,107.250648,83.087654,105.288383,123.496017,83.500664,53.635635,47.558678,33.973248,108.730003,129.300522,47.992989
2019-06-05,38.730301,1042.219971,172.178024,1068.890015,64.184807,679.47998,49.650074,71.224762,485.059998,12.73,279.927521,118.509941,113.427971,185.139374,62.415237,121.087463,150.079636,74.489258,111.132957,107.591736,83.282013,105.327797,123.60482,83.540199,54.038391,46.77404,34.241299,110.769997,128.569717,47.683296
2019-06-06,38.720486,1044.339966,172.079391,1090.540039,65.389832,692.179993,50.256279,72.522766,485.23999,12.76,281.794647,118.735588,113.35878,185.938507,62.666904,121.832016,151.051727,74.321274,111.024467,108.00106,83.456932,105.377045,123.486122,83.490791,54.784969,47.176167,35.055386,111.779999,128.984512,47.731686
2019-06-07,38.386772,1066.040039,173.124969,1099.140015,65.628838,709.869995,50.34428,72.786278,499.040009,12.83,284.654266,119.265388,113.773827,186.84613,63.460648,122.410011,153.323257,74.805481,111.340096,108.654007,83.670731,105.593773,123.753151,83.579735,55.001087,46.087486,35.412785,114.019997,130.100449,48.089771
2019-06-10,38.092319,1080.380005,173.194031,1111.22998,66.047112,720.52002,50.236725,73.108345,509.720001,12.72,285.961243,118.83371,113.161148,187.852432,63.63488,122.80188,154.344955,75.339088,111.192154,108.51757,83.797066,105.317947,123.38723,83.500664,53.802631,46.764233,35.03553,115.620003,128.875854,48.593021
2019-06-11,38.151211,1078.719971,172.24707,1095.390015,66.166626,729.23999,50.18784,73.040024,506.559998,12.69,285.912109,118.94162,113.012909,188.020142,63.954315,122.782295,154.196152,75.171112,111.14283,108.371391,83.913681,105.298233,123.377335,83.471016,54.67691,46.852509,34.668194,114.599998,128.95488,49.076923
2019-06-12,38.799,1077.030029,173.21376,1106.77002,66.325958,737.73999,50.490936,72.249504,501.920013,12.76,285.263519,119.118225,113.072197,187.882019,63.480007,122.566765,153.878754,75.013,111.172424,108.283684,83.719315,105.465698,123.6147,83.540199,55.227024,46.067871,35.214233,114.5,129.053635,48.55431
2019-06-13,39.525322,1088.77002,174.308685,1113.949951,64.65287,732.289978,50.382545,72.883873,505.600006,12.83,286.570496,119.422386,113.111732,189.085663,63.538086,123.154572,154.57309,75.892487,111.211884,108.527313,83.913681,105.564217,123.842171,83.629158,55.610134,46.980011,35.293652,115.720001,129.498032,48.515602
2019-06-14,39.211243,1085.349976,173.687241,1119.869995,65.140862,740.590027,50.559914,72.561806,496.540009,12.83,286.206879,119.47142,112.933846,187.812958,63.07346,123.03701,154.23584,75.151352,111.241455,108.439613,83.855377,105.485405,123.822365,83.599495,55.62978,47.038853,35.670914,116.169998,129.823929,47.963959
2019-06-17,38.44566,1092.5,175.965836,1124.359985,65.051231,731.650024,50.126347,73.284004,507.149994,12.82,286.471863,119.530304,112.716446,187.869476,63.118946,122.834061,154.700378,75.221741,111.192154,108.488342,83.729042,105.446007,123.792717,83.559982,55.551193,47.774448,35.958824,117.160004,130.051056,48.08223
2019-06-18,38.926601,1103.599976,179.142075,1126,66.176575,732.539978,49.899708,73.918373,517.280029,12.88,289.151306,120.325012,113.180908,189.980576,63.959476,123.91777,156.411316,76.203285,111.320366,109.589584,84.312111,105.603622,123.871826,83.569855,54.519737,48.686588,35.750336,115.980003,130.702866,49.235657
2019-06-19,38.337696,1102.329956,180.286331,1122.650024,66.385719,736.349976,50.372692,73.508476,521.940002,12.97,289.932373,121.090286,113.83313,190.545532,64.355026,124.242882,156.968369,76.391663,111.330238,110.544662,84.710541,105.899147,124.23777,83.747734,54.087509,48.706203,36.097813,117.139999,130.890488,49.597328
2019-06-20,38.965858,1111.420044,181.578522,1128.199951,66.973282,738.799988,50.904797,74.767448,533.049988,13.29,292.681,121.747635,114.475471,191.695251,64.918671,125.316742,158.549988,76.907211,111.428879,111.041702,85.138123,106.05677,124.34655,83.78727,54.215214,50.952221,37.309017,118.790001,131.23613,50.34021
2019-06-21,39.608047,1121.880005,184.567352,1118.469971,66.803993,726.849976,50.796406,75.82148,527.22998,13.39,292.236115,121.306129,113.961601,190.535629,64.641792,125.49408,158.34108,76.2826,111.310509,109.959923,84.866028,105.751389,124.109192,83.747734,54.608147,51.648586,37.219666,116.209999,129.794296,50.134941
2019-06-24,39.953838,1115.52002,182.318329,1110.949951,66.903572,724.130005,51.160995,75.099274,525.799988,13.59,291.939484,121.610283,114.179008,189.088562,64.780235,124.942368,157.68457,75.429955,111.438736,110.174347,84.856308,105.879448,124.356445,83.797157,54.804619,50.608944,38.162815,116.5,130.7621,50.115391
2019-06-25,40.092159,1086.349976,181.933624,1097.829956,67.779953,733.219971,51.003334,74.435631,520.530029,13.62,289.111755,121.247269,113.981361,188.00824,64.394577,124.380806,155.446426,75.043282,111.458458,109.609085,84.49675,105.859749,124.494888,83.816917,53.566872,50.402977,37.66642,114.440002,131.166992,49.616875
2019-06-26,40.131676,1079.800049,180.680893,1086.599976,67.47123,727.48999,50.372692,74.757698,513.719971,13.48,288.785431,121.001991,113.872665,187.691055,64.473679,123.937477,155.625488,75.122589,111.359833,109.794266,84.457878,105.711975,124.109192,83.718094,52.505947,53.168816,37.994041,114.150002,130.327591,50.115391
2019-06-27,40.042759,1076.01001,181.519348,1084.079956,67.819786,724.119995,50.333279,73.996452,517.76001,13.48,289.971924,121.708405,114.090073,190.109436,64.631905,124.479332,156.351624,76.589951,111.537384,110.242554,84.691109,105.968109,124.34655,83.78727,52.250538,53.325741,37.805412,113.669998,131.246002,50.398861
2019-06-28,40.813381,1080.910034,181.775803,1099.469971,69.702011,732.880005,50.175613,74.786964,524.549988,13.5,291.425354,122.022354,114.129608,192.537704,64.99778,125.336449,156.510788,77.611153,111.547226,110.408226,84.720253,105.997658,124.376221,83.78727,52.623825,54.806744,38.1926,114.459999,131.157135,50.281559
2019-07-01,41.386406,1097.949951,183.817688,1098.790039,69.970901,725.390015,50.845673,74.718651,529.309998,13.25,293.96637,122.253586,113.89315,193.082825,65.304329,126.33149,158.460449,77.769783,111.427635,110.973724,84.745636,105.952232,124.270226,83.73381,52.437183,54.061337,37.636639,115.029999,130.850388,50.946247
2019-07-02,41.139412,1111.25,184.103729,1115.47998,71.265549,723.080017,51.220119,73.898857,529.52002,13.53,294.866119,122.588112,113.952744,192.527802,65.49221,126.33149,159.166702,77.323624,111.684616,111.169388,84.931107,106.159607,124.488174,83.783318,52.36842,53.443439,38.162815,116.169998,131.85965,50.828949
2019-07-03,41.327133,1121.579956,186.017365,1130.380005,71.952713,730.97998,51.338364,74.601547,537.179993,13.56,297.090729,122.922653,114.250809,194.311844,65.937195,127.316681,160.56929,77.759865,111.753792,111.472672,85.253204,106.228737,124.557518,83.803116,55.669071,53.276703,38.480503,117.68,132.799698,50.701878
2019-07-05,41.36665,1131.589966,183.413239,1130.310059,71.474686,739.539978,51.348221,74.298996,537.25,13.4,296.714996,121.84034,113.903099,194.450607,65.432877,127.247719,160.270859,78.067215,111.62532,110.895454,84.911575,106.090492,124.042366,83.634789,54.784969,53.816139,38.142956,117.160004,131.038376,50.349983
2019-07-08,41.188812,1116.349976,179.763535,1144.219971,70.309502,748.799988,51.239826,74.640587,533.159973,13.32,295.182465,121.673065,113.922943,192.567429,65.057114,126.696022,159.345764,77.244316,111.694511,110.738922,84.745636,106.01149,123.913589,83.5952,54.450974,53.296318,38.013901,116.949997,131.216507,50.086067
2019-07-09,41.149296,1124.829956,179.12236,1143.089966,70.628181,745.48999,50.835819,74.591782,528.27002,13.36,295.657074,121.417236,114.04216,192.626923,64.780235,126.666466,160.042084,77.145164,111.911934,110.474754,84.648033,105.942352,123.804611,83.565498,53.881218,53.590553,38.480503,118.370003,131.166992,49.919895
2019-07-10,40.833141,1140.47998,179.793121,1148.469971,70.140205,743.01001,51.062458,75.645813,532.280029,13.57,297.011627,121.692734,114.24086,192.50798,65.007668,126.912766,161.056702,77.353363,111.971245,110.650864,84.882286,106.120117,124.081985,83.714012,53.812454,53.924026,38.768414,119.639999,130.444687,50.379311
2019-07-11,40.833141,1144.209961,175.581146,1148.910034,70.857239,740.059998,51.279243,75.704361,536,13.46,297.535614,120.974464,113.883209,192.091705,64.987892,127.139359,161.365067,76.986534,111.822983,110.328011,84.716354,105.883118,123.784775,83.674408,53.635635,54.375187,38.996758,120.650002,128.703186,50.281559
2019-07-12,41.040615,1144.900024,172.552856,1164.709961,69.711967,750.849976,51.35807,75.762924,526.25,13.54,299.078033,121.092537,114.081917,194.064056,65.067001,127.76001,162.121048,77.660721,112.000893,110.553024,84.853012,106.001602,123.864044,83.684311,53.586517,54.414421,39.135746,120.120003,128.851593,50.310886
2019-07-15,41.317249,1150.339966,173.726685,1178.380005,69.004898,759.869995,51.367928,75.226151,527.75,13.54,299.048401,121.299164,114.370018,193.063004,65.126335,127.582695,162.419479,77.164993,111.971245,110.778046,84.911575,106.080612,124.002739,83.704102,54.028572,53.776909,38.887547,120.900002,129.593719,50.525928
2019-07-16,41.554367,1153.579956,175.05835,1180,68.785797,761.849976,51.377781,74.103806,515.559998,13.43,298.039886,121.043343,114.181252,193.122498,64.859337,127.267418,161.753021,77.244316,111.892159,110.719345,84.73587,105.991737,123.814529,83.674408,54.244682,54.61058,38.411011,119.709999,129.207825,50.418411
2019-07-17,40.566387,1146.349976,174.653915,1160,68.228104,752.559998,51.417194,73.664635,523.5,13.64,296.10202,121.682899,114.419685,191.655594,64.77034,126.213272,161.016907,76.669266,112.089844,110.846542,84.628502,106.228737,124.161255,83.753609,55.010906,53.266895,38.778347,118.809998,130.603012,50.222916
2019-07-18,40.675064,1146.329956,177.10022,1162.849976,70.608269,764.039978,51.269386,73.040024,536.630005,13.83,297.25882,121.968246,114.658134,192.389038,64.968109,126.893059,161.315338,76.817986,112.168915,111.051979,84.667549,106.357124,124.448555,83.852623,55.973595,54.29673,39.413727,119.870003,130.612915,50.64323
2019-07-19,40.823261,1130.099976,175.965836,1172.25,70.409088,746.52002,50.638744,73.186409,528.809998,13.65,295.528534,121.781288,114.479309,191.685333,64.780235,126.341347,160.151489,76.61969,112.119507,110.885651,84.521126,106.367004,124.220695,83.763512,55.580666,54.179035,39.006687,118.629997,130.306152,50.330437
2019-07-22,40.507107,1138.069946,173.499817,1175.160034,70.817406,742.51001,50.47123,73.264488,535.5,13.63,296.200867,122.155182,114.509117,191.606064,64.849457,126.311798,161.056702,76.510635,112.119507,111.277008,84.804199,106.337364,124.270226,83.773407,55.54137,54.15942,39.612289,118.690002,130.553543,50.35976
2019-07-23,40.566387,1146.209961,173.618179,1171.310059,71.484642,739.599976,53.53577,73.557274,537.789978,13.56,298.316742,122.22406,114.479309,193.637863,65.254883,127.316681,161.922119,77.22448,112.060188,111.619423,84.950615,106.367004,124.151352,83.753609,57.18187,54.640007,39.334305,120.220001,129.841095,50.379311
2019-07-24,40.902298,1137.810059,173.381454,1172.939941,71.733612,777.960022,52.993805,73.547523,543.039978,13.62,299.750397,122.568443,114.509117,196.44278,65.304329,127.996475,162.83728,78.523277,112.168915,111.873795,85.018944,106.446007,124.220695,83.773407,57.230991,56.513317,39.016613,121.300003,130.405106,50.379311
2019-07-25,40.625664,1132.119995,171.744003,1146.209961,70.996666,777.530029,52.294186,73.127861,531.690002,13.53,298.306854,122.174858,114.320343,194.500168,64.641792,127.474319,161.713226,77.670631,112.228226,111.707474,84.90181,106.386757,124.052277,83.723915,57.339046,55.414833,37.974186,115.120003,129.781723,50.017639
2019-07-26,40.704704,1250.410034,172.957291,1146.180054,71.843163,779.859985,53.378105,73.010742,527.630005,13.55,300.343597,122.342125,114.24086,196.403137,64.77034,128.1147,163.314743,78.463806,112.218323,111.648781,85.087273,106.327492,124.052277,83.73381,57.692688,55.748302,37.011177,115.489998,130.08847,50.086067
2019-07-29,40.41819,1239.410034,173.687241,1148.819946,71.982582,809.030029,53.200741,73.527992,529.609985,13.64,299.799805,122.26342,114.141518,195.451645,64.908783,127.976768,162.807434,78.067215,112.20845,111.638992,84.960381,106.327492,124.101799,83.73381,57.388165,55.081364,37.438076,111.449997,130.128036,49.958996
2019-07-30,40.773861,1225.140015,174.052216,1144.199951,72.48053,805.25,52.934685,73.537758,531.640015,13.69,299.068146,122.22406,114.31041,196.759949,64.157249,127.917648,162.290161,78.90995,112.366592,111.453102,84.99942,106.317619,124.131531,83.743713,57.525696,55.954269,37.457932,112.040001,130.444687,49.597328
2019-07-31,41.929794,1216.680054,184.04454,1123.040039,71.185883,795.530029,51.860619,72.571564,519.51001,13.52,295.854828,122.332298,114.489235,194.519974,63.732037,126.538383,160.469818,78.533203,112.366592,111.218307,84.853012,106.386757,124.181061,83.73381,57.1917,55.306946,36.25666,110.400002,131.493561,49.049938
2019-08-01,41.504967,1209.01001,183.472427,1102.819946,74.432465,790.429993,51.269386,70.717262,523.950012,13.83,293.175354,123.326874,114.907478,191.487106,63.554043,125.01133,159.614349,77.333542,112.669624,111.697502,84.81086,106.726303,125.093086,83.971855,62.506145,54.29673,36.882118,110.800003,134.105057,48.10178
2019-08-02,41.42593,1193.98999,184.675858,1096.119995,74.422516,792.210022,51.565006,70.024345,513.599976,13.79,291.099091,123.455154,114.987144,189.574219,62.990395,124.282295,157.933258,76.431313,112.788475,111.628761,84.683418,106.706505,125.192337,83.991692,62.280209,52.590145,36.643848,107.089996,135.34436,47.603268
2019-08-05,40.902298,1152.319946,179.033585,1062.920044,72.948601,780.210022,50.894947,68.589699,491.459991,13.98,282.348907,123.543945,115.385483,184.212189,61.418106,120.903076,152.750717,74.359177,113.095474,110.528969,83.801201,106.953987,125.867165,84.160309,60.659348,49.696804,37.150166,103.599998,137.684219,45.8829
2019-08-06,41.36665,1169.949951,181.953354,1082.26001,73.645714,790.609985,51.505882,69.253334,503.769989,14.1,286.115936,124.31356,115.813675,186.481888,61.833427,122.203537,155.138062,75.142418,113.164787,111.30471,84.34034,106.96389,125.966408,84.199982,60.570934,48.63755,37.716061,105.029999,138.78476,46.498714
2019-08-07,41.37653,1173.98999,181.045853,1074.77002,74.980202,795.049988,52.402576,68.804405,505.359985,14.3,286.392792,124.293831,115.873421,186.937805,62.070755,122.006493,155.834381,75.261398,113.451981,111.864433,84.330528,106.904488,125.956482,84.209908,60.413765,47.205589,39.066254,106.629997,138.83432,46.703983
2019-08-08,42.087872,1204.800049,182.712891,1088.170044,75.76696,814.049988,52.905121,70.639191,519.409973,14.39,291.949371,124.629318,116.172173,190.823044,62.673962,124.045853,159.305969,76.88739,113.511406,112.424149,84.663818,106.973785,125.926712,84.180153,61.38628,48.568893,39.006687,106.790001,139.13176,47.368671
2019-08-09,41.801361,1188.01001,193.583145,1088.660034,77.141273,817.900024,52.639065,69.13623,515.5,14.33,290.051025,124.264244,116.052673,188.315491,62.238857,123.169014,158.142136,75.935585,113.461891,112.365227,84.546188,106.845093,125.757996,84.130554,61.081753,47.460598,38.748558,104.82,138.854156,46.90926
2019-08-12,41.346886,1174.709961,202.983643,1072.660034,76.523819,812.820007,52.422287,68.800278,509.880005,14.46,286.541046,125.043724,116.520706,185.510574,61.744431,121.553299,156.2621,75.082947,113.828323,111.18689,84.252113,106.953987,126.174812,84.219833,60.531643,45.459778,38.182671,102.720001,141.749222,46.254345
2019-08-13,42.354626,1197.27002,203.319016,1081.280029,78.963745,816.960022,52.717899,69.650024,518,14.38,290.960663,124.945045,116.331505,187.601868,62.327858,122.883316,159.077194,75.86618,113.669853,111.029778,84.624619,106.755989,125.807617,84.120628,61.592567,46.244415,37.388439,106.040001,141.263397,46.831059
2019-08-14,41.010975,1164.290039,197.557297,1059.680054,76.533783,796.570007,52.215355,66.843872,500.459991,14.48,282.378571,125.310127,116.550591,182.150635,60.61713,119.484398,154.382065,73.635406,114.036278,110.882477,83.86982,106.775795,126.194664,84.229752,60.462883,43.772816,37.696205,103.269997,144.445984,45.579884
2019-08-15,41.040615,1167.26001,197.9944,1083.540039,77.679047,809.890015,53.082489,66.448639,499.869995,14.58,283.110199,125.92189,117.068405,181.833481,60.824787,119.710991,154.770004,73.357803,114.234344,111.324356,84.114876,107.122269,126.710709,84.408279,62.398087,44.528027,38.242237,104.949997,146.05217,45.86335
2019-08-16,41.821121,1177.599976,202.673309,1091.73999,79.302345,817.200012,53.614594,67.48613,495.450012,14.49,287.302368,126.148827,116.729828,185.708786,61.556545,121.573013,157.008148,74.993706,114.18483,111.962624,84.399155,107.043083,126.661095,84.398354,62.653492,45.332275,38.301807,106.160004,144.882233,46.488941
2019-08-19,42.127392,1198.449951,204.640228,1095.5,79.411888,820.309998,53.890503,68.622421,495.5,14.32,290.753052,125.734413,116.291664,187.403641,61.932316,122.84391,158.91803,75.767036,114.016472,111.510918,84.644218,107.023293,126.283981,84.309105,63.292011,46.891735,37.855053,107.669998,142.810074,46.645336
2019-08-20,41.860638,1182.689941,201.828918,1091.109985,78.864159,820.140015,53.092342,68.207428,497.829987,14.42,288.498749,126.464554,116.44104,185.956589,61.724651,121.740486,158.062561,75.142418,114.125404,111.540382,84.712837,107.112381,126.591621,84.368599,62.113205,46.336338,38.291878,107.370003,144.287369,46.743084
2019-08-21,42.38427,1191.25,202.593842,1087.969971,79.401932,827.51001,53.309128,68.889206,501.279999,14.36,290.861786,126.691498,116.321548,186.997269,62.159752,122.489235,159.674026,75.747215,113.976852,111.864433,85.075531,107.112381,126.353439,84.289261,62.231087,46.842148,38.252167,109.82,143.325653,47.173176
2019-08-22,41.623524,1189.530029,202.077271,1081.550049,79.431816,819.150024,53.693428,68.74099,500.269989,14.34,290.753052,126.227753,116.221954,187.215317,62.041088,122.59761,159.296036,75.539009,113.887733,111.923347,85.232361,107.052986,126.174812,84.249573,62.741905,46.50494,38.212456,108.769997,142.37384,46.567139
2019-08-23,40.793625,1151.290039,197.765915,1065.280029,77.87822,805.440002,52.954391,66.685776,484.579987,14.62,283.238739,126.691498,116.889153,182.130798,61.269775,119.642029,155.088333,73.228912,114.036278,111.97245,84.840271,107.231171,126.710709,84.388443,62.132854,45.38422,39.016613,106.040001,144.713699,45.931778
2019-08-26,41.090015,1168.890015,204.054138,1066.959961,78.435928,826.799988,53.742699,67.041489,491.089996,14.63,286.392792,126.70137,116.759705,183.667068,61.774097,120.676476,156.978317,73.913017,113.957047,111.874252,85.261772,107.003487,126.621399,84.34877,62.525791,45.661922,39.165531,107.660004,144.128723,46.12727
2019-08-27,41.485207,1167.839966,205.127014,1064.790039,78.694847,842.109985,53.920067,66.389359,495.019989,14.76,285.295288,127.382195,117.307404,181.546036,61.724651,119.986847,156.560516,72.981049,114.105606,112.188477,85.222557,107.181671,126.859581,84.378517,61.003166,44.957752,40.456158,107.449997,146.349609,46.195694
2019-08-28,42.028595,1171.02002,206.150208,1097.689941,78.943817,839.340027,54.304363,66.873512,501.25,14.73,287.223297,127.382195,117.536446,183.330078,61.724651,121.070557,157.296631,73.853531,114.214546,112.316124,85.428421,107.21138,126.889343,84.398354,61.405922,45.949543,40.575291,107.470001,146.537994,46.322769
2019-08-29,42.107632,1192.849976,205.61377,1113.709961,80.09906,843.640015,54.245239,67.614578,508.160004,14.62,290.960663,127.105911,117.606148,186.204361,62.258636,122.469528,159.425354,75.082947,114.095703,112.571442,85.516632,107.250969,126.760338,84.358688,61.847977,48.161228,39.82077,109.209999,145.982773,46.860382
2019-08-30,42.176788,1188.099976,207.242935,1101.689941,80.22876,838.419983,54.23539,67.663986,511.339996,14.56,290.950745,127.086189,117.158028,186.501709,62.505852,122.735535,159.087128,74.934219,114.0858,112.94458,85.438217,107.409355,126.780182,84.388443,62.254414,48.805889,39.602356,109.050003,146.022415,47.182953
2019-09-03,41.504967,1168.390015,204.163406,1102.829956,79.74984,827.869995,54.491585,67.743027,493.940002,14.79,289.111755,126.966469,117.017555,184.212189,62.387188,122.341454,157.784027,73.903107,114.127472,113.203766,85.193085,107.493721,127.053551,84.454018,63.146595,49.232357,40.098751,106.75,146.211151,46.899483
2019-09-04,41.890278,1181.410034,204.95813,1122.719971,80.597923,838.280029,54.954716,68.464333,496.220001,14.88,292.423981,127.203934,117.306488,186.551254,63.267273,123.641914,159.445221,74.656616,114.127472,113.913322,85.370293,107.64257,127.262321,84.523567,62.789722,50.24398,40.724209,108.730003,146.429642,47.710793
2019-09-05,42.334866,1211.380005,206.279343,1134.540039,78.532593,838.109985,54.314217,69.432648,508.170013,14.53,296.250305,126.273903,116.778435,189.782364,63.603489,125.021187,161.852493,76.114044,113.839729,113.30233,85.705002,107.384552,126.586334,84.334785,62.294067,52.049034,39.056324,111.459999,143.777756,48.258179
2019-09-06,42.305229,1204.930054,206.35881,1143.339966,78.12352,836.320007,54.422607,70.084785,505.26001,14.41,296.448059,126.729019,116.878059,189.603958,63.811146,125.297043,161.673431,75.905846,113.839729,113.706375,85.783745,107.394485,126.63604,84.344719,63.662079,52.03912,38.381229,110.050003,144.800766,48.434124
2019-09-09,42.374386,1204.410034,201.004395,1127.189941,74.900795,839.650024,53.722988,70.638115,496.690002,14.34,296.586456,125.799011,116.280281,191.189758,63.999031,126.370911,160.420074,77.065849,113.522202,112.770157,85.87236,107.473877,126.248352,84.255302,63.612511,53.140003,37.785557,105.43,142.228348,48.561199
2019-09-10,42.453426,1206,195.570496,1152.550049,71.727966,787.97998,53.604744,71.211205,502.299988,14.22,296.566711,124.740379,115.61274,192.329575,64.107811,127.021126,159.614349,78.027557,113.293991,111.932487,85.92157,107.057076,125.701607,84.116203,62.383286,54.032612,37.884834,103.050003,139.735397,48.590519
2019-09-11,43.589596,1220.170044,194.547302,1156.920044,71.717987,799.210022,53.969337,71.072868,522.820007,14.31,298.712219,124.641441,115.483223,194.876785,64.463799,128.006317,160.738388,79.584145,112.966545,112.050743,85.91172,107.146393,125.62207,84.116203,63.235813,53.665649,38.582348,104.019997,139.487076,48.961964
2019-09-12,43.767433,1234.25,192.719452,1129.069946,73.194649,805.450012,54.304363,71.122276,523.119995,14.33,299.661377,124.473244,115.393555,194.807419,64.839561,128.252625,161.404846,79.584145,112.907005,112.267548,85.960953,107.146393,125.433197,84.096336,63.146595,52.753204,38.52256,107.099998,138.573318,49.294308
2019-09-13,43.767437,1239.560059,194.179749,1149.26001,72.566071,787.859985,53.8577,71.774406,523.219971,14.22,299.453766,123.355247,114.716057,194.936249,65.205444,128.321579,160.947296,79.713036,112.490288,110.976547,85.803436,106.878448,124.777107,83.957237,62.799633,52.852386,38.4827,107,135.613525,49.538677
2019-09-16,43.43948,1231.300049,192.79892,1130.660034,72.037262,799.869995,53.559925,72.851425,523.640015,14.34,298.573822,123.978546,115.403526,195.11467,64.622009,128.193512,160.420074,79.980728,112.311676,111.449593,86.108612,107.106689,125.095215,84.026779,63.225899,51.97961,38.343197,106.519997,137.341736,49.17701
2019-09-17,43.588551,1229.150024,195.421494,1156,74.830956,825.75,53.837852,72.298096,530.169983,14.36,299.295563,124.295151,115.552971,194.420883,64.839561,128.1147,161.295425,79.802261,112.440659,111.804367,86.157829,107.146393,125.274147,84.066521,63.592686,52.971397,39.459217,107.5,138.086639,49.147682
2019-09-18,43.837006,1232.410034,193.752579,1162.530029,74.342064,834.969971,53.827923,71.952263,530.77002,14.27,299.513092,124.601868,115.194298,194.024414,64.760452,128.124557,161.365067,79.366028,112.629189,111.814224,86.108612,107.186081,125.214508,84.016846,63.057377,53.318523,38.911171,105.599998,138.672653,48.942413
2019-09-19,43.757496,1238.709961,194.358551,1157.790039,74.112572,832.090027,54.115772,71.468109,529.450012,14.34,299.473541,124.958038,115.423439,193.618057,64.978004,127.947205,161.693329,78.850464,112.907005,112.306969,86.010185,107.156319,125.313911,84.026779,63.186249,53.477207,39.249962,106.120003,139.089798,48.727367
2019-09-20,43.638241,1229.930054,195.640045,1159.369995,73.673561,834.659973,53.510296,71.221085,531.159973,14.51,297.822388,125.818794,116.061081,192.914337,64.829674,127.602402,160.449921,78.582771,113.105461,112.80957,86.118462,107.235703,125.66185,84.116203,63.176334,54.647518,39.698364,104.639999,140.927246,48.795792
2019-09-23,43.966202,1234.030029,196.45462,1147.26001,74.312126,843.289978,53.73859,71.270485,527.960022,14.59,297.980591,125.729752,116.220505,193.320709,64.661568,127.720619,160.400192,78.642258,113.2146,112.553337,86.079086,107.275398,125.80101,84.165878,62.730244,55.321934,39.708328,105.110001,140.89743,48.883762
2019-09-24,43.191025,1218.76001,195.252609,1096.630005,74.551582,824.48999,53.897404,70.292282,541.460022,14.66,295.608826,126.125504,116.479546,191.248047,64.414352,126.831253,158.76445,77.652206,113.422981,111.833931,85.960953,107.384552,126.188713,84.255302,63.34486,55.024399,40.146767,103.690002,142.59584,48.395023
2019-09-25,43.429543,1246.52002,194.765839,1093.060059,73.334335,819.219971,53.768368,70.499779,545.01001,14.39,297.278107,125.413147,115.871788,193.468048,64.226463,127.436066,159.901489,78.687042,113.174919,111.50872,85.87236,107.205925,125.691673,84.146011,63.503464,59.656052,39.429325,104.139999,140.510101,48.336376
2019-09-26,43.320221,1241.390015,194.090347,1085.689941,74.302147,817.570007,53.986736,70.124313,543.289978,14.39,296.681915,125.680283,115.941536,192.33316,64.463799,127.039474,159.652145,77.871117,113.165001,111.735382,85.813286,107.315094,125.8209,84.185753,63.652164,60.340385,39.230034,104.550003,141.413925,48.336376
2019-09-27,43.399727,1225.089966,193.653244,1085.650024,72.625938,818.830017,53.907333,70.628235,533.72998,14.32,295.102081,125.709953,115.762192,190.969315,64.246246,126.880829,158.05632,77.40345,113.2146,111.58757,85.714836,107.434181,125.970001,84.23542,63.543118,61.907406,38.263485,102.199997,141.761536,47.730343
2019-09-30,43.618366,1219,192.232681,1084.619995,72.645889,840.469971,54.036366,69.7686,539.929993,14.1,296.612366,126.125504,115.861824,192.363022,64.483574,127.168358,159.213287,77.453194,113.2146,111.705818,85.813286,107.473877,126.049538,84.275177,63.790947,60.251122,37.785187,103.589996,142.109161,47.916061
2019-10-01,42.684185,1205.099976,191.914795,1083.670044,71.947472,828.840027,54.244812,68.12838,528.599976,14.17,293.025452,126.270325,116.087372,188.739349,63.8507,125.304359,157.647385,75.930801,113.270294,111.171768,85.615608,107.525597,126.348228,84.369713,62.551807,59.884163,37.426472,102.529999,142.536972,47.671692
2019-10-02,41.600929,1176.630005,187.961075,1052.859985,70.660378,809.97998,52.686451,66.349831,511.890015,14.34,287.779175,126.220726,116.087372,186.230667,62.545406,123.19249,154.884613,75.174583,113.469124,111.151985,85.111519,107.635025,126.676796,84.459282,61.451454,58.713852,37.735367,99.730003,142.885223,47.290474
2019-10-03,41.769875,1187.829956,191.348557,1052.329956,71.478523,815.289978,53.440815,67.169945,519.070007,14.41,290.173798,126.716721,116.456635,187.295868,62.960728,123.866707,156.679916,75.284035,113.707733,111.686035,85.160942,107.724556,127.144745,84.638412,61.867802,59.507282,37.984478,101.029999,144.188614,47.906284
2019-10-04,42.177338,1209,194.29895,1060.329956,72.566071,823.929993,54.135628,68.14814,529.179993,14.41,294.128326,127.242477,116.815918,189.167435,63.455158,125.403519,158.993866,76.020355,113.707733,112.665131,85.427803,107.814087,127.244308,84.628456,62.284157,60.241207,38.173805,102.790001,145.25322,48.111557
2019-10-07,41.97858,1207.680054,195.868515,1060.810059,72.286697,814.159973,53.470592,67.209457,526.599976,14.28,292.806854,126.597694,116.496559,188.221695,63.376045,124.818535,158.385452,75.960648,113.618256,112.032181,85.35862,107.644974,126.955582,84.538895,62.135456,59.903999,38.123978,101.620003,144.049316,47.681465
2019-10-08,41.054333,1189.130005,194.785721,1049.5,71.249046,805.880005,53.182743,65.90519,509,14.41,288.276001,126.488579,116.386772,184.946457,62.782734,122.795898,155.882004,74.677063,113.94635,111.923393,85.042336,107.67482,127.114876,84.588646,61.302753,59.328758,38.781631,99.330002,144.437347,47.358898
2019-10-09,41.342537,1202.310059,195.391693,1058.550049,72.107101,827.289978,53.430893,66.636375,514.119995,14.42,291.008423,126.53817,116.147247,186.151031,63.23761,123.737816,157.667328,74.915871,113.916527,111.933281,85.299316,107.7146,126.96553,84.538895,61.580322,60.062683,38.642132,99.889999,143.62149,47.730343
2019-10-10,41.531364,1208.670044,197.368546,1077.22998,72.675819,827.75,53.26215,67.436722,511.230011,14.29,293.065216,125.794167,115.777992,187.275955,63.682598,124.600403,158.58493,75.094978,113.717682,111.745369,85.408043,107.535553,126.48761,84.439369,61.828148,61.421432,38.801563,100.540001,141.48233,48.179981
2019-10-11,42.455608,1215.449951,199.474564,1085.969971,72.446342,830.349976,52.904819,68.158028,518.030029,14.21,295.98642,125.566017,115.418716,190.441696,64.819786,126.008316,160.150833,76.468117,113.399529,111.666267,85.763863,107.436073,126.019661,84.359764,61.590237,62.899197,37.486256,101.580002,139.731216,48.903313
2019-10-14,41.97858,1217.140015,201.550766,1086.640015,72.755638,828.130005,52.904819,68.355637,518.880005,14.26,295.787689,125.982651,115.60833,189.744827,64.552795,125.760445,160.180756,76.269112,113.598381,111.715698,85.823166,107.485809,126.099312,84.369713,61.847977,62.621494,37.864906,101.75,140.746078,48.776245
2019-10-15,41.938824,1243.01001,203.309082,1104.439941,71.99736,826.73999,53.113258,68.592781,528.210022,14.18,298.698944,125.645378,115.219109,191.208237,65.304329,126.732109,161.916214,77.104935,113.518837,111.953064,86.010963,107.436073,125.830482,84.349815,61.391972,63.524025,37.556007,103.589996,139.044708,49.147682
2019-10-16,41.740063,1243.640015,201.868652,1106.97998,72.416412,823.25,53.09341,67.416962,530.23999,14.25,298.152466,125.784264,115.39875,191.009125,65.403214,126.652786,161.397583,77.303947,113.518837,111.77504,85.94178,107.475861,126.009705,84.389626,60.797188,62.17519,37.695511,103.089996,139.213837,49.284531
2019-10-17,42.316475,1253.069946,202.216339,1105.109985,73.703506,829.070007,53.391186,67.328033,529.400024,14.27,298.987122,125.962814,115.558434,192.621872,65.561432,127.049385,161.936157,78.179573,113.290169,111.933281,86.060387,107.515656,125.969872,84.389626,61.66954,63.573612,38.173805,103.629997,138.875565,49.470253
2019-10-18,41.590988,1245.48999,201.381882,1110,73.942963,841.47998,54.373844,66.804352,566.25,14.25,297.685486,126.121529,115.738075,192.452637,65.531761,126.900658,160.6595,77.692009,113.329933,112.032181,86.080154,107.455971,126.079399,84.419479,61.401882,64.605072,38.303341,101.220001,138.875565,49.255207
2019-10-21,42.127647,1246.150024,201.5905,1109.920044,72.12706,851.539978,53.827923,67.920883,562.700012,14.18,299.821747,125.833855,115.368805,193.567596,65.887749,127.852486,161.607025,78.438278,113.051559,111.626701,86.10981,107.356491,125.800613,84.379669,61.95702,64.138931,37.825047,101.440002,137.830872,49.77327
2019-10-22,42.425789,1242.800049,203.477966,1100.109985,70.690308,831.070007,53.450741,68.266708,535.75,14.23,298.778442,126.052086,115.718102,193.507874,65.729538,128.159851,160.13089,78.657188,113.121155,112.032181,86.12957,107.396278,125.949966,84.409523,61.540672,64.644745,37.665615,97.360001,138.63678,49.81237
2019-10-23,42.107773,1259.130005,201.977936,1093.47998,70.919792,788.190002,54.234882,68.918846,539.849976,14.27,299.642883,126.121529,115.797951,193.687057,66.085526,128.467224,160.479965,78.856194,113.071449,112.22998,86.208649,107.515656,125.900185,84.399567,61.66954,65.329079,38.243557,96.639999,138.776062,49.822147
2019-10-24,42.038204,1260.98999,201.719635,1123.780029,71.638168,798.340027,54.205105,68.266708,547.950012,14.37,300.179413,126.399292,115.867813,193.736832,66.204185,128.199509,161.736679,78.716888,113.141045,112.22998,86.307487,107.49575,125.930061,84.399567,61.124317,65.805138,38.960995,104.910004,138.497467,49.851471
2019-10-25,42.296597,1265.130005,201.709717,1129.469971,71.747925,787.869995,53.351482,68.424805,549.27002,14.4,301.371765,126.181046,115.887772,194.762207,66.273407,128.774582,162.345093,79.184555,113.131088,112.20031,86.376671,107.436073,125.740883,84.349815,60.361008,67.451508,39.04071,107.190002,137.820923,50.134941
2019-10-28,42.405914,1290,203.656769,1149.77002,71.179199,782.609985,53.172817,67.822075,558.650024,14.27,303.060913,125.8041,115.328888,195.887146,66.570068,129.141418,163.761383,79.920876,113.071449,112.022293,86.366791,107.34655,125.561668,84.319954,60.529533,67.02504,38.711884,106.599998,136.567276,50.467285
2019-10-29,43.091644,1262.619995,207.610504,1145.640015,72.576042,763.820007,53.014004,67.624458,556.169983,14.22,302.961548,125.476738,115.039474,196.414764,66.550293,129.438873,163.182892,80.239288,113.021736,111.725601,86.208649,107.49575,125.581573,84.339859,62.323803,67.461418,38.70192,105,136.656815,50.164265
2019-10-30,42.942574,1261.290039,209.488022,1148.5,73.793297,775.52002,53.540073,66.91304,556.320007,14.32,303.915405,125.923134,115.468613,195.946884,66.827171,129.518204,164.070572,79.811424,113.200691,111.844276,86.099922,107.664879,125.890236,84.389626,63.325031,65.646454,38.901211,106.5,138.656677,50.389084
2019-10-31,43.061832,1260.109985,211.842377,1144.380005,69.812294,778.159973,54.02644,66.764824,552.950012,14.46,303.021149,126.686966,115.827896,194.433685,66.668953,128.962967,163.711517,79.025345,113.54866,112.348648,85.803398,107.824036,126.417923,84.538895,62.978069,63.424847,39.588757,104.099998,140.527191,50.017639
2019-11-01,43.548798,1273.73999,216.511353,1156.280029,68.205917,768.630005,53.50037,68.770638,559.369995,14.46,305.982117,126.811302,115.997581,197.290817,67.262268,130.410538,165.057999,80.249237,113.501846,112.750626,86.171631,107.813065,126.249405,84.489052,63.12677,65.924149,39.469181,104.980003,140.09462,50.789852
2019-11-04,44.184837,1291.369995,212.99472,1150.069946,66.400002,751.77002,52.746006,70.815964,560.859985,14.43,307.134674,126.214493,115.917725,198.326157,67.608376,131.20372,165.327271,80.905952,113.392265,112.512421,86.350288,107.793121,125.950256,84.429245,63.007813,67.38208,38.75174,102.809998,138.250748,51.249268
2019-11-05,43.618366,1292.030029,213.660309,1151.060059,64.564148,740.76001,52.031342,72.219048,563.369995,14.19,306.767059,125.488388,115.698135,198.813965,67.47982,131.283051,164.838562,81.035309,113.212959,111.698555,86.260963,107.503937,125.571342,84.369431,62.968159,65.894402,37.416504,100.989998,136.695892,51.522961
2019-11-06,43.956261,1291.800049,214.971588,1161.47998,66.509758,744.309998,52.408524,70.638115,554.159973,14.26,306.906189,126.194603,116.067451,197.987686,67.45015,131.283051,164.898407,80.667145,113.242844,111.748177,86.161697,107.623604,125.780739,84.419281,63.85043,63.752132,37.516151,100.629997,137.523148,51.337242
2019-11-07,42.028267,1308.859985,216.551102,1165.609985,64.923332,737.340027,51.902309,72.140007,551.890015,14.03,307.999146,125.209869,115.41864,198.286331,67.657814,131.76886,165.427017,80.856209,112.764687,111.361092,86.122002,107.414207,125.212364,84.319588,63.176334,65.705956,36.79871,100.470001,135.031433,51.72823
2019-11-08,42.256844,1311.369995,219.650497,1165.859985,64.50428,731.619995,51.822899,70.769997,548.950012,13.95,308.684753,125.040779,115.34877,198.823914,67.618256,131.987,166.085297,80.975609,112.744766,111.519897,86.201408,107.503937,125.162498,84.329559,63.434078,65.686127,36.479847,101.419998,134.463333,51.259041
2019-11-11,41.97858,1299.189941,219.243195,1177.050049,64.394531,743.369995,51.455643,70.339996,544.799988,13.9,308.178009,125.080566,115.408661,198.485443,67.529266,131.570572,166.055389,80.736801,112.814491,111.430573,86.151787,107.523888,125.212364,84.349503,62.918594,65.170387,36.579491,102.669998,134.553024,50.936474
2019-11-12,42.296597,1298.800049,219.849182,1166.969971,64.224915,757.27002,51.326607,69.370003,549.359985,13.95,308.70462,125.199936,115.388695,198.117096,67.558929,131.560654,166.593964,80.706947,112.844383,111.202293,86.171631,107.583717,125.292145,84.359467,63.414249,64.367043,36.768818,102.029999,135.170959,50.594353
2019-11-13,41.590988,1298,218.220001,1174.76001,64.9832,753.299988,52.021416,68.800003,550.530029,14,308.873505,125.498337,115.48851,197.788574,67.321602,131.570572,166.793442,80.249237,113.013725,111.033569,86.082306,107.593689,125.511513,84.399338,63.85043,63.722382,37.237144,102.120003,136.04805,50.203365
2019-11-14,42.038204,1311.459961,218.5,1174.900024,65.59182,749.200012,52.239788,68.5,554.440002,14.06,309.310699,126.154823,115.758018,198.176834,67.13372,131.600311,167.242264,80.090027,113.163147,111.619156,86.032677,107.753227,125.880455,84.47908,63.493557,63.920734,37.40654,103.730003,137.4534,50.262009
2019-11-15,42.127647,1334.869995,220.860001,1171.880005,65.452141,754.659973,52.279488,69.190002,569.539978,14.03,311.605927,126.174713,115.618279,199.152435,67.558929,132.472824,168.658569,80.517891,113.143227,111.708481,86.290741,107.763206,125.750832,84.449181,64.098259,64.158768,37.476292,104.199997,137.303879,50.653004
2019-11-18,42.266781,1320.699951,220.669998,1187.650024,67.437653,771.309998,52.636818,68.519997,569.090027,14.08,311.745056,126.313965,115.847847,198.833862,67.638039,132.383606,168.9478,80.159683,113.183075,111.182442,86.181557,107.813065,125.890434,84.489052,64.861565,64.010002,37.924694,103.660004,137.553055,50.613903
2019-11-19,42.644432,1315.459961,224.5,1173.97998,67.098419,766.780029,52.686451,67.82,577.799988,14.08,311.675507,126.56263,116.057472,199.232071,67.549034,132.125809,169.296906,80.308937,113.202995,110.934311,85.873871,107.723312,125.930313,84.47908,64.752518,61.849998,38.213661,104.949997,138.699265,50.672554
2019-11-20,42.147526,1303.050049,225.509995,1159.650024,67.287994,775.940002,52.825413,68.029999,572.530029,14.08,310.522888,126.741676,116.506653,198.624817,67.123825,131.749054,168.728378,79.881073,113.44207,111.122887,85.695213,107.833008,126.189583,84.518959,64.811996,61.799999,38.333237,104.089996,140.134491,50.418411
2019-11-21,41.968639,1301.349976,227.820007,1162.449951,66.01088,773.460022,52.567337,69.669998,571.820007,14,310.075806,126.443275,116.247116,197.231079,67.034836,131.729218,168.169846,79.453209,113.461998,111.13282,85.715065,107.793121,126.020058,84.47908,64.157738,63.240002,38.074158,102.550003,139.257401,50.35976
2019-11-22,42.43573,1295.339966,230.740005,1163.869995,65.581848,772.609985,52.636818,69.370003,569.48999,13.98,310.741486,126.791412,116.287048,197.748749,67.222717,132.125809,168.319443,79.642265,113.44207,111.430573,86.042603,107.793121,125.990143,84.469109,63.949562,62.360001,37.954586,101.769997,139.436798,50.369534
2019-11-25,42.356224,1306.689941,234.539993,1167.949951,64.823563,786.51001,52.825413,68.910004,581.5,13.91,313.086426,127.229073,116.416817,200.177811,67.756699,132.889252,170.054916,81.632332,113.501846,111.420654,86.270882,107.842979,126.000122,84.47908,63.781033,62.43,37.625755,104.449997,139.845444,50.848499
2019-11-26,42.684185,1313.550049,234.389999,1177.790039,66.54966,815.840027,53.50037,68.739998,586,13.98,313.712402,127.55732,116.666351,200.894577,67.717148,132.968567,170.673279,81.562675,113.61142,111.718399,86.370132,107.892838,126.139717,84.518959,64.921043,61.669998,38.004406,106.199997,140.662735,50.682327
2019-11-27,42.843193,1312.98999,234.539993,1182.880005,66.400002,816.75,53.549999,68.699997,591.25,13.91,315.222687,127.547356,116.436775,202.318161,67.895142,133.464325,171.650742,81.930832,113.61142,111.559601,86.479309,107.783142,125.940292,84.469109,65.040001,61.470001,38.044266,107.75,140.254089,50.760529
2019-11-29,42.564926,1304.959961,234.720001,1177.920044,66.059998,813.919983,53.400002,68.129997,592.900024,13.98,314.040283,127.28875,116.167267,200.197723,67.420486,132.938828,170.982468,81.403465,113.61142,111.281693,86.290741,107.833008,125.950256,84.499016,65.120003,60.639999,38.263485,108.010002,139.955078,50.017639
2019-12-02,42.008392,1289.920044,233.479996,1177.650024,65.790001,813.780029,53.75,68.419998,587.380005,13.98,311.407227,126.736206,116.001427,198.823914,67.074387,132.185303,169.06749,80.497993,113.423775,110.831444,86.231941,107.794029,125.79248,84.473061,65.419998,60.869999,38.602276,106.209999,138.089066,50.017639
2019-12-03,41.531364,1295.280029,232.770004,1152.300049,66.440002,814.909973,53.799999,67.879997,579.22998,14.12,309.261017,127.713638,116.720757,197.689026,66.827171,131.094666,168.080078,80.169632,113.76313,111.050598,86.112366,108.023911,126.401619,84.592873,65.650002,60.029999,39.240002,105.589996,140.984436,49.734173
2019-12-04,41.869259,1320.540039,233.880005,1163.089966,65.75,809.400024,54.290001,68.650002,582.330017,14.09,311.17868,127.544075,116.640831,199.28183,67.440262,132.086151,168.987701,80.796501,113.693268,111.309586,86.371445,107.834007,126.122017,84.552933,65.730003,60.029999,39.130001,105,139.576691,50.134941
2019-12-05,41.491611,1328.130005,233.410004,1162.660034,66.139999,819.72998,54.189999,68.410004,580.809998,14.11,311.834473,127.404449,116.470993,199.590454,67.311714,132.353851,169.207123,81.065163,113.733185,111.638321,86.500977,107.804024,125.982216,84.513,65.75,59.849998,40,104.589996,138.897766,50.349983
2019-12-06,41.829506,1340.619995,233.770004,1172.660034,63.549999,822.47998,54.419998,69.510002,585.570007,13.96,314.616608,127.334633,116.39106,201.64122,67.924812,133.523804,170.60347,82.199493,113.673302,111.867439,86.620552,107.863991,125.762527,84.483047,66.220001,60.200001,39.799999,104.339996,138.128998,50.613903
2019-12-09,41.740063,1343.560059,232.820007,1169,64.129997,827.030029,54.07,69.660004,573.169983,13.97,313.682617,127.31469,116.421036,200.69548,67.568817,133.16687,169.985077,81.980591,113.753151,112.166275,86.620552,107.824013,125.752533,84.483047,66.540001,58.43,39.720001,103.779999,138.428513,50.408634
2019-12-10,41.829506,1344.660034,233.839996,1250,63.91,817.72998,53.77,69.059998,575.369995,14,313.354706,127.31469,116.39106,200.52623,67.59848,133.077637,169.805557,81.960693,113.773109,112.166275,86.829803,107.784027,125.632706,84.443115,66.639999,58.669998,39.990002,103.620003,138.438507,50.535706
2019-12-11,42.43573,1345.02002,234.009995,1244.829956,63.869999,822.73999,53.950001,68.959999,574.789978,14.11,314.149597,127.813362,116.800682,200.844803,67.954475,133.226349,170.423935,81.940788,113.972733,112.913383,87.009163,107.993927,125.912308,84.513,66.150002,57.110001,40.900002,105.510002,139.526764,51.229717
2019-12-12,41.75,1350.27002,235.990005,1230.920044,63.41,811.200012,54.139999,70.339996,580.969971,14.05,316.931702,127.224915,116.231209,203.074753,68.409348,134.733429,171.361481,82.826363,113.783089,112.923347,87.20845,107.704079,125.393044,84.433128,66.190002,59,41.119999,105.669998,137.230438,52.109451
2019-12-13,40.439999,1347.829956,236.740005,1235.319946,63.34,815.320007,54.419998,69.230003,579.650024,14.12,317.040985,128.052734,116.700768,201.910004,68.884003,134.317001,171.930008,82.298996,113.932808,113.341728,87.298134,108.063889,125.832428,84.532967,66.25,58.610001,41.290001,107.650002,138.817886,52.129002
2019-12-16,40.599998,1361.170044,243.199997,1225.219971,63.970001,822.789978,54.419998,70,590.039978,14.12,319.320007,127.763512,116.43103,203.199997,69.620003,135.210007,173.350006,82.639999,113.793076,113.411461,87.467529,107.903969,125.542831,84.483047,66.279999,60.75,40.990002,109.57,137.569885,52.529999
2019-12-17,40.68,1355.119995,242.839996,1221.829956,64.190002,832.049988,54.419998,69.68,593.719971,14.1,319.350006,127.663765,116.590874,203.889999,69.220001,135.330002,173.220001,83.349998,113.872917,113.829842,87.736572,107.97393,125.552818,84.503014,66.099998,61.209999,40.470001,108.459999,137.380203,53
2019-12-18,40.599998,1352.619995,241.940002,1228.050049,64.400002,826.880005,53.91,69.870003,592.27002,14.1,319.369995,127.574005,116.460999,204,69.129997,135.259995,173.399994,83.639999,113.833,114.048996,87.895996,107.854004,125.422997,84.513,66.480003,60.91,40.98,107.830002,136.251999,53.279999
2019-12-19,40.759998,1356.040039,241.839996,1219.079956,63.720001,833.919983,54.32,69.389999,588.710022,14.13,320.73999,127.699997,116.650002,204.919998,69.129997,135.550003,174.460007,83.900002,113.870003,113.660004,87.849998,107.910004,125.5,84.529999,66.779999,61.130001,40.880001,108.879997,136.470001,53.290001
2019-12-20,41.220001,1349.589966,243.059998,1226.73999,65.18,834.530029,54.970001,69.940002,591.309998,14.12,322.380005,127.660004,116.589996,205.940002,69.18,136.320007,175.210007,83.769997,113.779999,113.940002,87.720001,108,125.480003,84.529999,68.639999,61.610001,40.93,108.75,136.649994,53.34
2019-12-23,41.209999,1348.839966,243.029999,1213.869995,65.25,828.289978,54.91,70.290001,597.419983,14.2,322.609985,127.720001,116.389999,205.729996,69.290001,136.270004,175.589996,83.910004,113.790001,114.07,87.760002,107.849998,125.410004,84.510002,68.779999,60.66,41.77,108.610001,136.449997,53.43
2019-12-24,41.119999,1343.560059,242.330002,1219.310059,65.230003,828.890015,54.709999,70.019997,598.809998,14.33,322.649994,127.849998,116.529999,205.710007,69.220001,136.330002,175.570007,84.139999,113.93,114.269997,87.830002,107.93,125.540001,84.519997,68.93,60.970001,42.18,108.690002,136.839996,53.34
2019-12-26,41.110001,1360.400024,241.899994,1210.719971,64.910004,838.599976,55.02,70.129997,598.039978,14.45,324.320007,128.080002,116.610001,206.160004,69.519997,136.669998,176.839996,84.029999,113.970001,114.43,87.959999,107.93,125.639999,84.550003,68.660004,60.470001,42.689999,109.75,137.169998,53.759998
2019-12-27,41.060001,1351.890015,241.529999,1202.589966,64.690002,836.789978,55.349998,69.889999,597.880005,14.44,324.26001,128.259995,116.650002,205.820007,69.639999,136.649994,176.820007,83.650002,113.980003,114.739998,87.919998,108.150002,125.860001,84.610001,69.160004,60.380001,42.709999,109.400002,137.320007,53.990002
2019-12-30,40.650002,1336.140015,240.270004,1183.25,64.440002,836.070007,55.27,69.480003,591.320007,14.49,322.51001,128.490005,116.690002,205.619995,69.120003,136.100006,175.619995,83.599998,114,114.550003,87.860001,108.110001,125.889999,84.639999,68.779999,59.669998,43.75,107.970001,136.820007,53.610001
2019-12-31,40.709999,1337.02002,241.070007,1191.310059,64.669998,837.109985,55.349998,69.779999,591.150024,14.5,323.23999,127.959999,116.57,205.820007,69.440002,136.479996,175.919998,83.849998,113.910004,114.559998,87.940002,108.059998,125.75,84.629997,69.160004,60.25,43.450001,108.169998,135.479996,53.759998
2020-01-02,41.400002,1367.369995,240.100006,1189.73999,63.880001,858.190002,54.990002,70.900002,597.26001,14.61,326.320007,128.229996,117.139999,206.130005,70.139999,137.029999,178.350006,83.910004,114.010002,114.699997,88.309998,108.190002,125.970001,84.669998,67.639999,61.91,43.220001,110.75,137.009995,54.869999
2020-01-03,40.66,1360.660034,238.470001,1187.97998,64.769997,865.130005,54.689999,70.330002,593.340027,14.81,323.809998,128.669998,117.68,205.089996,69.269997,136.110001,177.059998,83.860001,114.419998,114.410004,88.220001,108.279999,126.370003,84.739998,68,58.23,42.830002,108.760002,139.119995,53.900002
2020-01-06,41.18,1394.209961,240.300003,1165.709961,64.169998,858.02002,54.669998,70.870003,595.76001,14.96,325.089996,128.240005,117.379997,205.029999,69.540001,136.229996,178.190002,83.779999,114.529999,114.18,88.129997,108.290001,126.300003,84.709999,67.940002,58.220001,43.259998,110.169998,138.330002,53.700001
2020-01-07,40.75,1393.339966,238.039993,1145.380005,63.919998,860.080017,54.25,70.290001,582.799988,15.02,324.200012,127.910004,117.019997,204.5,69.349998,135.820007,177.820007,83.300003,114.589996,114.360001,88.050003,108.309998,126.25,84.709999,68.809998,59.139999,43.23,109.669998,137.649994,53.700001
2020-01-08,41.080002,1404.319946,238.220001,1147.48999,64.470001,856.72998,54.349998,69.230003,581.780029,14.91,325.850006,127.730003,116.910004,204.820007,69.550003,136.110001,179.289993,83.480003,114.610001,114.660004,88.129997,108.260002,126.080002,84.669998,68.889999,58.52,42.080002,111.82,136.740005,53.919998
2020-01-09,41.330002,1419.829956,238.929993,1145.390015,66.720001,862.669983,55.34,69.760002,585.789978,14.82,328.049988,128.339996,116.900002,205.399994,69.709999,136.710007,180.759995,83.459999,114.75,114.580002,88.360001,108.269997,126.080002,84.68,69.139999,59.389999,41.66,112.57,137.220001,54.32
2020-01-10,40.98,1429.72998,238.259995,1132.219971,66.269997,857.77002,55.529999,69.139999,598.719971,14.92,327.140015,128.699997,117.25,204.800003,69.449997,136.190002,180.440002,83.07,114.760002,114.599998,88.389999,108.389999,126.199997,84.699997,69.269997,60.220001,42.27,112.93,138.440002,54.610001
2020-01-13,41.16,1439.22998,236.919998,1128.369995,67.5,863,56.130001,69.800003,603.119995,14.8,329.429993,128.389999,117.230003,206.399994,69.809998,136.960007,182.080002,83.760002,114.720001,114.709999,88.389999,108.43,126.129997,84.690002,69.709999,59.619999,42.450001,115.279999,138.020004,55.439999
2020-01-14,40.98,1430.880005,240,1136.599976,66.550003,859.219971,56,69.199997,602.690002,14.78,328.920013,128.550003,117.389999,206.970001,69.879997,137.179993,181.440002,84.07,114.860001,114.68,88.379997,108.489998,126.260002,84.699997,70,59.84,42.830002,114.639999,138.729996,55.150002
2020-01-15,40.93,1439.199951,241.699997,1134.290039,68.209999,865.090027,56.700001,69.089996,597.23999,14.88,329.660004,128.830002,117.480003,207.229996,69.879997,137.210007,182.160004,84.43,114.980003,115.110001,88.400002,108.440002,126.400002,84.739998,70.269997,58.130001,43.52,114.849998,139.649994,54.720001
2020-01-16,41.040001,1451.699951,240.5,1142.119995,69.18,870.23999,56.82,68.82,598.289978,14.85,332.399994,129.009995,117.290001,209.570007,70.169998,138.210007,183.860001,85.519997,115.050003,115.349998,88.43,108.440002,126.309998,84.739998,70.739998,57.529999,43.82,115.400002,139.210007,55.080002
2020-01-17,40.990002,1480.390015,241.490005,1154.579956,69.239998,878.150024,56.939999,68.559998,600.030029,14.89,333.5,128.990005,117.099998,209.149994,70.379997,138.470001,184.570007,85.370003,114.919998,115.209999,88.360001,108.43,126.290001,84.769997,70.879997,56.889999,43.48,116.040001,138.020004,55.41
2020-01-21,41.029999,1484.400024,237.600006,1155,69.260002,870.72998,57.169998,67.580002,601.650024,14.9,332.779999,129.610001,117.480003,207.979996,69.82,137.889999,184.470001,84.57,115.080002,115.110001,88.169998,108.5,126.580002,84.790001,70.599998,56.18,43.709999,116.150002,139.470001,54.060001
2020-01-22,41.369999,1485.949951,236.75,1157.329956,71.849998,879.179993,57.610001,67.190002,610.23999,14.9,332.850006,129.679993,117.400002,207.869995,69.959999,137.940002,184.600006,84.57,115.129997,115.199997,88.330002,108.529999,126.599998,84.809998,70.260002,55.970001,43.779999,115.5,139.960007,54.490002
2020-01-23,41.75,1486.650024,235.039993,1166,71.870003,879.840027,57.830002,66.769997,615,14.94,333.26001,129.850006,117.639999,208.330002,69.790001,137.990005,184.919998,84.75,115.290001,114.93,88.059998,108.580002,126.760002,84.839996,70.440002,55.330002,43.700001,117.889999,140.940002,53.98
2020-01-24,41.349998,1466.709961,225.589996,1140.22998,71.93,869.710022,57.68,66.32,589.200012,15.02,330.230011,130.070007,117.900002,206.100006,69.489998,136.759995,183.25,83.43,115.419998,114.779999,87.690002,108.639999,126.980003,84.870003,69.339996,54.490002,44.290001,116.980003,142.080002,53.57
2020-01-27,40.299999,1433.900024,222.949997,1114.48999,73.959999,865.030029,57.48,64.739998,567.5,15.13,324.869995,130.320007,118.169998,203.330002,68.050003,134.839996,180.100006,82.510002,115.589996,114.639999,87.099998,108.68,127.419998,84.959999,69.029999,52.700001,44.560001,115.239998,144.289993,51.759998
2020-01-28,40.810001,1452.560059,224.839996,1107.579956,72.669998,877.820007,57.009998,64.650002,569.72998,14.99,328.329987,130.25,117.989998,205.330002,68.690002,135.919998,182.360001,83.099998,115.519997,115.18,87.849998,108.690002,127.25,84.919998,68.980003,52.93,44.299999,116.519997,143.160004,52.27
2020-01-29,40.490002,1458.630005,227.149994,1096.51001,72.589996,879.299988,57.009998,64.110001,571.409973,15.06,328.100006,130.669998,118.419998,204.320007,68.699997,135.339996,182.759995,82.529999,115.769997,115.709999,87.800003,108.809998,127.559998,85,68.43,53.59,44.619999,116.660004,144.559998,52.400002
